epoch,lr,loss,val_loss,val_metric
0.0,,1.0112666791543028,1.014183139156651,0.22402790358469285
