epoch,lr,loss,val_loss,val_metric
0.0,,0.9458302325772163,0.8608824813688124,0.3646135791408775
