epoch,lr,loss,val_loss,val_metric
0.0,,1.0073962680379251,0.8820442869856551,0.3435163041364892
