epoch,lr,loss,val_loss,par_metric,val_metric
0,[0.0003],0.8985037438159745,0.5809822855956184,0.7225345272201675,0.5970602092401514
