epoch,lr,loss,iou,val_loss,val_iou
0.0,0.0003,0.9588753749962748,0.300152578762527,0.8359020860345514,0.31050190880173967
1.0,0.0003,0.7887560231375781,0.3490778925784614,0.7388484616537352,0.3701704969931091
2.0,0.0003,0.7317273536098563,0.3664351094564135,0.8434302525477366,0.298476059568995
3.0,0.0003,0.7104466426243421,0.37846514759505845,0.6863938013712565,0.39398813149020623
4.0,0.0003,0.6981526761709137,0.3854905813234289,0.6738335925179559,0.4027376840883197
5.0,0.0003,0.6878712480141368,0.39326079184282636,0.820844710517574,0.3239097289802359
6.0,0.0003,0.6782123621297658,0.3981429514958598,0.6698803353954006,0.40385236893528814
7.0,0.0003,0.6718701370033546,0.4023343858393427,0.7222601753097396,0.37407299229827806
