epoch,lr,loss,val_loss,val_metric
0.0,,0.9863532832599579,0.8615651455011454,0.3701237509627709
1.0,,0.814863304828365,0.7786534007605131,0.43886487455447315
